<?xml version="1.0" encoding="UTF-8" standalone="yes"?>
<addon id="repository.kobra.xxx.stream" name="[COLOR darkred][B][I]KOBRA[/I][/B][/COLOR][COLOR ghostwhite] [B] XXX STREAM REPOSITORY[/B][/COLOR]" version="1.0.0" provider-name="[COLOR darkred][B][I]KOBRA[/I][/B][/COLOR]">
	<extension point="xbmc.addon.repository" name="[COLOR darkred][B][I]KOBRA[/I][/B][/COLOR][COLOR ghostwhite] [B] XXX STREAM REPOSITORY[/B][/COLOR]">
		<info compressed="false">https://raw.githubusercontent.com/Barroni1977/Kobra_XXX_Stream_repo/master/addons.xml</info>
		<checksum>https://raw.githubusercontent.com/Barroni1977/Kobra_XXX_Stream_repo/master/addons.xml.md5</checksum>
		<datadir zip="true">https://raw.githubusercontent.com/Barroni1977/Kobra_XXX_Stream_repo/master/</datadir>
	</extension>
	<extension point="xbmc.addon.metadata">
		<summary>[COLOR darkred][B][I]KOBRA[/I][/B][/COLOR][COLOR ghostwhite] [B] XXX STREAM REPOSITORY[/B][/COLOR]</summary>
		<description>Kobra XXX Stream Repository is the home for all your Kobra XXX Streams add-ons and skins.</description>
		<platform>all</platform>
	</extension>
</addon>
