<?xml version="1.0" encoding="UTF-8"?>
<addon id="plugin.program.kobraXXXStreams.notifications" version="1.0.0"
       name="[COLOR darkred][I]KOBRA [/I][/COLOR][COLOR ghostwhite] XXX STREAM NOTIFICATION[/COLOR]" provider-name="[COLOR darkred][I]KOBRA [/I][/COLOR]">
  <requires>
  	<import addon="xbmc.python" version="2.1.0"/>
  	<import addon="script.module.addon.common" optional="true" />
  </requires>
  <extension point="xbmc.python.script" library="default.py">
    <provides>executable</provides>
  </extension>
  <extension point="xbmc.service" library="service.py" start="startup">
  </extension>
  <extension point="xbmc.addon.metadata">
  	<summary>[COLOR darkred][I]KOBRA [/I][/COLOR][COLOR ghostwhite] XXX STREAM NOTIFICATION[/COLOR]</summary>
  	<description>Receive important Kobra news and update notifications.</description>
  	<disclaimer>We take no responsibility for any problems this plugin might cause.</disclaimer>
  	<language>en</language>
  	<platform>all</platform>
  	<forum>https://www.facebook.com/groups/257258294631230/</forum>
  	<website>https://www.youtube.com/channel/UCylDOZ_hQ7zPBoWE9gy28CA</website>
  	<source></source>
  	<email></email>
  </extension>
</addon>
