<?xml version="1.0" encoding="utf-8"?>
<window type="dialog" id="142">
	<onload condition="[VideoPlayer.Content(movies) | VideoPlayer.Content(episodes)]">SetFocus(64)</onload>
	<controls>
		<control type="group">
			<animation effect="slide" start="0,-100" end="0,0" time="200">WindowOpen</animation>
			<animation effect="slide" start="0,-100" end="0,0" time="200">VisibleChange</animation>
			<visible>!Window.IsActive(videoosd) + !VideoPlayer.Content(LiveTV) + !VideoPlayer.Content(episodes) + !VideoPlayer.Content(movies)</visible>
			<top>0</top>
			<control type="image">
				<left>0</left>
				<top>0</top>
				<width>FullScreenWidth</width>
				<height>122</height>
				<texture border="1,1,1,40">topbar.png</texture>
			</control>
			<control type="grouplist">
				<left>0</left>
				<top>0</top>
				<width>FullScreenWidth</width>
				<height>90</height>
				<align>center</align>
				<aligny>center</aligny>
				<itemgap>0</itemgap>
				<orientation>horizontal</orientation>
				<control type="image">
					<width>320</width>
					<height>88</height>
					<include>MediaFlagVars</include>
					<texture background="true">$INFO[Player.Art(thumb)]</texture>
					<visible>VideoPlayer.Content(livetv)</visible>
				</control>
				<control type="image" id="800011">
					<colordiffuse>grey2</colordiffuse>
					<width>320</width>
					<include>MediaFlagVars</include>
					<bordersize>2</bordersize>
					<texture fallback="flags/studios/default-studio.png">$INFO[VideoPlayer.Studio,flags/studios/,.png]</texture>
					<visible>!IsEmpty(Control.GetLabel(800011)) | IsEmpty(VideoPlayer.Studio)</visible>
					<visible>!VideoPlayer.Content(livetv)</visible>
				</control>
				<control type="label">
					<left>0</left>
					<width>320</width>
					<height>90</height>
					<align>center</align>
					<label>$INFO[VideoPlayer.Studio]</label>
					<font>font10</font>
					<textcolor>grey2</textcolor>
					<wrapmultiline>true</wrapmultiline>
					<visible>IsEmpty(Control.GetLabel(800011))</visible>
					<visible>!VideoPlayer.Content(livetv)</visible>
				</control>
				<control type="image">
					<width>320</width>
					<colordiffuse>grey2</colordiffuse>
					<include>MediaFlagVars</include>
					<texture fallback="flags/mpaa/NR.png">$VAR[VideoRatingFlagVar]</texture>
					<visible>!VideoPlayer.Content(livetv)</visible>
				</control>
				<control type="image">
					<width>320</width>
					<colordiffuse>grey2</colordiffuse>
					<include>MediaFlagVars</include>
					<texture>$INFO[VideoPlayer.VideoResolution,flags/resolution/,.png]</texture>
				</control>
				<control type="image">
					<width>320</width>
					<colordiffuse>grey2</colordiffuse>
					<include>MediaFlagVars</include>
					<texture>$INFO[VideoPlayer.AudioCodec,flags/audio/,.png]</texture>
				</control>
				<control type="image">
					<width>320</width>
					<colordiffuse>grey2</colordiffuse>
					<include>MediaFlagVars</include>
					<texture>$INFO[VideoPlayer.AudioChannels,flags/channels/,.png]</texture>
					<visible>VideoPlayer.Content(livetv)</visible>
				</control>
				<control type="image">
					<width>320</width>
					<colordiffuse>grey2</colordiffuse>
					<include>MediaFlagVars</include>
					<texture>$VAR[VideoSourceFlagVar,flags/video/,.png]</texture>
				</control>
				<control type="image">
					<width>320</width>
					<colordiffuse>grey2</colordiffuse>
					<include>MediaFlagVars</include>
					<texture>$INFO[VideoPlayer.VideoAspect,flags/aspectratio/,.png]</texture>
				</control>
			</control>
		</control>
		<control type="group">
			<visible>VideoPlayer.Content(movies) | VideoPlayer.Content(episodes)</visible>
			<animation effect="slide" end="0,0" start="0,-540" time="200" tween="quadratic" easing="out">WindowOpen</animation>
			<animation effect="slide" start="0,0" end="0,-540" time="200" tween="quadratic" easing="out">WindowClose</animation>
			<control type="image">
				<left>0</left>
				<top>0</top>
				<width>FullScreenWidth</width>
				<height>540</height>
				<texture border="1,1,1,40">topbar.png</texture>
			</control>
			<control type="group">
				<visible>VideoPlayer.Content(movies)</visible>
				<control type="image">
					<left>0</left>
					<top>0</top>
					<width>338</width>
					<height>508</height>
					<aspectratio align="left">keep</aspectratio>
					<texture background="true">$INFO[Player.Art(poster)]</texture>
					<fadetime>400</fadetime>
					<bordertexture border="1,1,2,1">thumbs/panel_border3.png</bordertexture>
					<bordersize>1,1,2,1</bordersize>
				</control>
				<control type="grouplist">
					<left>340</left>
					<top>0</top>
					<width>1580</width>
					<height>508</height>
					<control type="button">
						<label>$INFO[Player.Title]</label>
						<width>760</width>
						<font>font30_title</font>
						<height>60</height>
						<include>ShowCaseInfoPanelButtonsValues</include>
						<visible>!IsEmpty(Player.Title)</visible>
					</control>
					<control type="button">
						<label>[COLOR labelheader]$LOCALIZE[202]:[/COLOR][CR]$INFO[VideoPlayer.Tagline]</label>
						<width>760</width>
						<include>ShowCaseInfoPanelButtonsValues</include>
						<visible>!IsEmpty(VideoPlayer.Tagline)</visible>
					</control>
					<control type="button">
						<label>[COLOR labelheader]$LOCALIZE[20339]:[/COLOR][CR]$INFO[VideoPlayer.Director]</label>
						<width>760</width>
						<include>ShowCaseInfoPanelButtonsValues</include>
						<visible>!IsEmpty(VideoPlayer.Director)</visible>
					</control>
					<control type="button">
						<label>[COLOR labelheader]$LOCALIZE[515]:[/COLOR][CR]$INFO[VideoPlayer.Genre]</label>
						<width>760</width>
						<include>ShowCaseInfoPanelButtonsValues</include>
						<visible>!IsEmpty(VideoPlayer.Genre)</visible>
					</control>
					<control type="group">
						<control type="button">
							<label>[COLOR labelheader]$LOCALIZE[563]:[/COLOR][CR]$INFO[VideoPlayer.RatingAndVotes]$INFO[VideoPlayer.Top250, / $LOCALIZE[13409] #]</label>
							<width>570</width>
							<include>ShowCaseInfoPanelButtonsValues</include>
							<visible>!IsEmpty(VideoPlayer.RatingAndVotes)</visible>
						</control>
						<control type="image">
							<left>569</left>
							<height>89</height>
							<width>2</width>
							<texture border="1">separator3.png</texture>
						</control>
						<control type="button">
							<label>[COLOR labelheader]$LOCALIZE[345]:[/COLOR][CR]$INFO[VideoPlayer.Year]</label>
							<left>570</left>
							<width>190</width>
							<include>ShowCaseInfoPanelButtonsValues</include>
							<visible>!IsEmpty(VideoPlayer.Year)</visible>
						</control>
					</control>
				</control>
			</control>
			<control type="group">
				<visible>VideoPlayer.Content(episodes)</visible>
				<control type="image">
					<left>0</left>
					<top>0</top>
					<width>338</width>
					<height>508</height>
					<aspectratio align="left">keep</aspectratio>
					<texture background="true">$INFO[Player.Art(tvshow.poster)]</texture>
					<fadetime>400</fadetime>
					<bordertexture border="1,1,2,1">thumbs/panel_border3.png</bordertexture>
					<bordersize>1,1,2,1</bordersize>
				</control>
				<control type="grouplist">
					<left>340</left>
					<top>0</top>
					<width>1580</width>
					<height>508</height>
					<control type="button">
						<label>$INFO[Player.Title]</label>
						<width>760</width>
						<font>font30_title</font>
						<height>60</height>
						<include>ShowCaseInfoPanelButtonsValues</include>
						<visible>!IsEmpty(Player.Title)</visible>
					</control>
					<control type="button">
						<label>[COLOR labelheader]$LOCALIZE[20364]:[/COLOR][CR]$INFO[VideoPlayer.TvShowTitle]</label>
						<width>760</width>
						<include>ShowCaseInfoPanelButtonsValues</include>
						<visible>!IsEmpty(VideoPlayer.TvShowTitle)</visible>
					</control>
					<control type="button">
						<label>[COLOR labelheader]$LOCALIZE[20352]:[/COLOR][CR]$INFO[VideoPlayer.Season,$LOCALIZE[20373] ,], $INFO[VideoPlayer.Episode,$LOCALIZE[20452] , , ]</label>
						<width>760</width>
						<include>ShowCaseInfoPanelButtonsValues</include>
						<visible>!IsEmpty(VideoPlayer.Episode)</visible>
					</control>
					<control type="button">
						<label>[COLOR labelheader]$LOCALIZE[563]:[/COLOR][CR]$INFO[VideoPlayer.RatingAndVotes]</label>
						<width>760</width>
						<include>ShowCaseInfoPanelButtonsValues</include>
						<visible>!IsEmpty(VideoPlayer.RatingAndVotes)</visible>
					</control>
					<control type="button">
						<label>[COLOR labelheader]$LOCALIZE[20416]:[/COLOR][CR]$INFO[VideoPlayer.Premiered]</label>
						<width>1580</width>
						<include>ShowCaseInfoPanelButtonsValues</include>
						<visible>!IsEmpty(VideoPlayer.Premiered)</visible>
					</control>
				</control>
			</control>
			<control type="image">
				<left>1100</left>
				<width>2</width>
				<height>420</height>
				<texture border="1">separator3.png</texture>
			</control>
			<control type="image">
				<left>340</left>
				<top>360</top>
				<width>1580</width>
				<height>60</height>
				<texture border="1">separator2.png</texture>
			</control>
			<control type="grouplist">
				<left>0</left>
				<top>420</top>
				<width>FullScreenWidth</width>
				<height>90</height>
				<align>right</align>
				<aligny>center</aligny>
				<itemgap>0</itemgap>
				<orientation>horizontal</orientation>
				<control type="image" id="800012">
					<colordiffuse>grey2</colordiffuse>
					<width>260</width>
					<include>MediaFlagVars</include>
					<bordersize>2</bordersize>
					<texture>$INFO[VideoPlayer.Studio,flags/studios/,.png]</texture>
					<visible>!IsEmpty(Control.GetLabel(800012))</visible>
				</control>
				<control type="label">
					<left>0</left>
					<width>260</width>
					<height>90</height>
					<align>center</align>
					<label>$INFO[VideoPlayer.Studio]</label>
					<font>font10</font>
					<textcolor>grey2</textcolor>
					<wrapmultiline>true</wrapmultiline>
					<visible>IsEmpty(Control.GetLabel(800012))</visible>
				</control>
				<control type="image">
					<width>260</width>
					<colordiffuse>grey2</colordiffuse>
					<include>MediaFlagVars</include>
					<texture fallback="flags/mpaa/NR.png">$VAR[VideoRatingFlagVar]</texture>
				</control>
				<control type="image">
					<width>260</width>
					<colordiffuse>grey2</colordiffuse>
					<include>MediaFlagVars</include>
					<texture>$INFO[VideoPlayer.VideoResolution,flags/resolution/,.png]</texture>
				</control>
				<control type="image">
					<width>260</width>
					<colordiffuse>grey2</colordiffuse>
					<include>MediaFlagVars</include>
					<texture>$INFO[VideoPlayer.AudioCodec,flags/audio/,.png]</texture>
				</control>
				<control type="image">
					<width>260</width>
					<colordiffuse>grey2</colordiffuse>
					<include>MediaFlagVars</include>
					<texture>$VAR[VideoSourceFlagVar,flags/video/,.png]</texture>
				</control>
				<control type="image">
					<width>260</width>
					<colordiffuse>grey2</colordiffuse>
					<include>MediaFlagVars</include>
					<texture>$INFO[VideoPlayer.VideoAspect,flags/aspectratio/,.png]</texture>
				</control>
			</control>
			<control type="textbox" id="170">
				<label>$INFO[VideoPlayer.CastAndRole]</label>
				<left>1115</left>
				<top>12</top>
				<width>775</width>
				<height>405</height>
				<font>font15_textbox</font>
				<pagecontrol>62</pagecontrol>
				<include>SettingsFadeEffect</include>
				<include>ShowCaseInfoPanelButtonsValues</include>
				<visible>Skin.HasSetting(Video.Plot.Cast)</visible>
				<autoscroll time="3000" delay="4000" repeat="5000">Skin.HasSetting(Enable.AutoScroll) + !Control.HasFocus(64)</autoscroll>
			</control>
			<control type="textbox" id="171">
				<label>$INFO[VideoPlayer.Plot]</label>
				<left>1115</left>
				<top>12</top>
				<width>775</width>
				<height>405</height>
				<font>font15_textbox</font>
				<pagecontrol>63</pagecontrol>
				<include>SettingsFadeEffect</include>
				<include>ShowCaseInfoPanelButtonsValues</include>
				<visible>!Skin.HasSetting(Video.Plot.Cast)</visible>
				<autoscroll time="3000" delay="4000" repeat="5000">Skin.HasSetting(Enable.AutoScroll) + !Control.HasFocus(64)</autoscroll>
			</control>
			<control type="scrollbar" id="62">
				<left>1900</left>
				<top>12</top>
				<width>14</width>
				<height>405</height>
				<texturesliderbackground>-</texturesliderbackground>
				<texturesliderbar border="1">scrollbar/texturesliderbar2.png</texturesliderbar>
				<texturesliderbarfocus border="1">scrollbar/texturesliderbar2.png</texturesliderbarfocus>
				<showonepage>false</showonepage>
				<visible>Skin.HasSetting(Video.Plot.Cast)</visible>
				<orientation>vertical</orientation>
			</control>
			<control type="scrollbar" id="63">
				<left>1900</left>
				<top>12</top>
				<width>14</width>
				<height>405</height>
				<texturesliderbackground>-</texturesliderbackground>
				<texturesliderbar border="1">scrollbar/texturesliderbar2.png</texturesliderbar>
				<texturesliderbarfocus border="1">scrollbar/texturesliderbar2.png</texturesliderbarfocus>
				<showonepage>false</showonepage>
				<orientation>vertical</orientation>
				<visible>!Skin.HasSetting(Video.Plot.Cast)</visible>
			</control>
			<control type="button" id="64">
				<onup condition="Skin.HasSetting(Video.Plot.Cast)">PageUp(62)</onup>
				<ondown condition="Skin.HasSetting(Video.Plot.Cast)">PageDown(62)</ondown>
				<onup condition="!Skin.HasSetting(Video.Plot.Cast)">PageUp(63)</onup>
				<ondown condition="!Skin.HasSetting(Video.Plot.Cast)">PageDown(63)</ondown>
				<include>HiddenObject</include>
				<onclick>Skin.ToggleSetting(Video.Plot.Cast)</onclick>
			</control>
		</control>
	</controls>
</window>