<?xml version="1.0" encoding="UTF-8"?>
<window>
	<loop>false</loop>
	<defaultcontrol always="true">52</defaultcontrol>
	<allowoverlay>no</allowoverlay>
	<coordinates>
		<system>1</system>
		<left>0</left>
		<top>0</top>
	</coordinates>
	<controls>
		<control type="image">
			<description>Normal Default Background Image</description>
			<include>FullscreenDimensions</include>
			<texture>special://skin/backgrounds/default_login.jpg</texture>
		</control>
		<control type="label">
			<top>-1000</top>
		    <left>10</left>
			<align>left</align>
			<width>500</width>
			<font bold="true">clock</font>
			<textcolor>black</textcolor>
			<label>$INFO[System.Time,,]</label>
		</control>
		<control type="label">
			<top>-1000</top>
			<left></left>
			<align>right</align>
			<width>1910</width>
			<font bold="true">clock</font>
			<textcolor>black</textcolor>
			<label>$INFO[System.Date,,]</label>
		</control>
		<control type="group">
			<control type="list" id="52">
				<left>875</left>
				<top>380</top>
				<width>1035</width>
				<height>602</height>
				<onleft>20</onleft>
				<onright>20</onright>
				<onup>52</onup>
				<ondown>52</ondown>
				<viewtype label="535">list</viewtype>
				<pagecontrol>60</pagecontrol>
				<scrolltime tween="quadratic" easing="out">200</scrolltime>
				<itemlayout height="150" width="1035">
					<control type="image">
						<left>25</left>
						<top>25</top>
						<width>112</width>
						<height>112</height>
						<texture>$INFO[ListItem.Icon]</texture>
				        <animation effect="zoom" start="110" end="100" center="auto" time="500" pulse="true" condition="onselect">Conditional</animation>
					</control>
				</itemlayout>
				<focusedlayout height="150" width="870">
					<control type="image">
						<left>-7</left>
						<top>-8</top>
						<width>1042</width>
						<height>178</height>
						<texture  border="40">listpanel_back.pn</texture>
						<visible>!Control.HasFocus(52)</visible>
						<pulseonselect>true</pulseonselect>
						<include>VisibleFadeEffect</include>
					</control>
					<control type="image">
						<left>-7</left>
						<top>-8</top>
						<width>1042</width>
						<height>178</height>
						<texture border="40" >listpanel_back.pn</texture>
						<visible>Control.HasFocus(52)</visible>
						<pulseonselect>true</pulseonselect>
						<include>VisibleFadeEffect</include>
					</control>
					<control type="image">
						<left>25</left>
						<top>25</top>
						<width>112</width>
						<height>112</height>
						<texture>$INFO[ListItem.Icon]</texture>
						<animation effect="zoom" start="110" end="100" center="auto" time="500" pulse="true" condition="!onselect">Conditional</animation>
					</control>
				</focusedlayout>
			</control>
			<control type="image">
				<description>LOGO</description>
				<left>1482</left>
				<top>940</top>
				<width>356</width>
				<height>120</height>
				<aspectratio align="right">keep</aspectratio>
				<texture>aeon-nox-logo1.png</texture>
				<colordiffuse>grey3</colordiffuse>
			</control>
			<control type="button" id="20">
				<description>Power push button</description>
				<left>899</left>
				<top>710</top>
				<width>112</width>
				<height>112</height>
				<label>-</label>
				<font>-</font>
				<onclick>ActivateWindow(ShutdownMenu)</onclick>
				<texturefocus>special://skin/icons/power.png</texturefocus>
				<texturenofocus>special://skin/icons/power.png</texturenofocus>
				<onleft>52</onleft>
				<onright>52</onright>
				<onup>52</onup>
				<ondown>52</ondown>
				<pulseonselect>true</pulseonselect>
			</control>
			<control type="image">
				<description>LOGO</description>
				<left>82</left>
				<top>940</top>
				<width>356</width>
				<height>120</height>
				<aspectratio align="left">keep</aspectratio>
				<texture>xbmc-logo.png</texture>
				<colordiffuse>grey3</colordiffuse>
			</control>
		</control>
	</controls>
</window>