<?xml version="1.0" encoding="UTF-8"?>
<window>
	<defaultcontrol always="true">500</defaultcontrol>
	<controls>
		<control type="image">
			<width>FullScreenWidth</width>
			<height>1080</height>
			<aspectratio aligny="top">scale</aspectratio>
			<animation effect="fade" time="600">WindowOpen</animation>
			<animation effect="fade" time="600">WindowClose</animation>
			<texture background="true" border="1">black.png</texture>
		</control>
		<control type="image">
			<width>FullScreenWidth</width>
			<height>1080</height>
			<aspectratio aligny="top">scale</aspectratio>
			<fadetime>FanartCrossfadeTime</fadetime>
			<animation effect="fade" time="600">WindowOpen</animation>
			<animation effect="fade" time="600">WindowClose</animation>
			<texture background="true" fallback="black.png">$INFO[Container(500).ListItem.Art(fanart)]</texture>
		</control>
		<control type="group">
            <animation effect="fade" time="600">WindowOpen</animation>
            <animation effect="fade" time="600">WindowClose</animation>
			<control type="image">
				<left>0</left>
				<top>-40</top>
				<width>696</width>
				<height>914</height>
				<texture border="1">vignette.png</texture>
			</control>
			<control type="image">
				<left>696r</left>
				<top>-40</top>
				<width>696</width>
				<height>914</height>
				<texture flipx="true" border="1">vignette.png</texture>
			</control>
			<control type="image">
				<left>0</left>
				<top>400</top>
				<width>FullScreenWidth</width>
				<height>680</height>
				<texture>floor.png</texture>
			</control>
		</control>
		<control type="group">
			<animation effect="slide" tween="cubic" time="720" start="0,1080" end="0,0">WindowOpen</animation>
			<animation effect="slide" tween="cubic" time="720" start="0,0" end="0,1080">WindowClose</animation>
			<control type="fixedlist" id="500">
				<left>-120</left>
				<top>300</top>
				<width>2100</width>
				<height>750</height>
				<onup>9000</onup>
				<onleft>700</onleft>
				<onright>600</onright>
				<ondown>61</ondown>
				<orientation>horizontal</orientation>
				<viewtype label="31079">BigWrap</viewtype>
				<pagecontrol>61</pagecontrol>
				<preloaditems>2</preloaditems>
				<scrolltime tween="quadratic">400</scrolltime>
				<focusposition>1</focusposition>
				<movement>4</movement>
				<animation effect="slide" start="0" end="280" time="400" tween="quadratic" easing="out" reversible="true" condition="Control.HasFocus(500) + Container(500).Position(0)">Conditional</animation>
				<itemlayout width="315" height="750">
					<control type="image">
						<left>-12</left>
						<top>130</top>
						<width>340</width>
						<height>490</height>
						<aspectratio scalediffuse="false">scale</aspectratio>
						<texture background="true" fallback="DefaultVideoCover.png">$INFO[ListItem.Icon]</texture>
						<bordertexture border="20">thumbs/thumb_shadow.png</bordertexture>
						<bordersize>20</bordersize>
					</control>
					<control type="image">
						<left>8</left>
						<top>601</top>
						<width>300</width>
						<height>450</height>
						<aspectratio aligny="top" scalediffuse="false">scale</aspectratio>
						<texture background="true" flipy="true" diffuse="thumbs/thumb_diffuse.png" fallback="DefaultVideoCover.png">$INFO[ListItem.Icon]</texture>
						<animation effect="fade" start="100" end="30" time="400">Focus</animation>
						<animation effect="fade" start="30" end="100" time="400">UnFocus</animation>
					</control>
					<control type="image">
						<left>200</left>
						<top>149</top>
						<width>100</width>
						<height>100</height>
						<texture>overlays/addons/enabled.png</texture>
						<aspectratio align="center" aligny="top">keep</aspectratio>
						<bordersize>1</bordersize>
						<visible>!IsEmpty(ListItem.Property(DBID))</visible>
					</control>
				</itemlayout>
				<focusedlayout width="315" height="750" >
					<control type="group">
						<animation effect="zoom" center="auto" start="100" end="130" time="400" tween="quadratic" reversible="false">Focus</animation>
						<animation effect="zoom" center="auto" start="130" end="100" time="400" tween="quadratic" reversible="false">Unfocus</animation>
						<control type="image">
							<left>-12</left>
							<top>130</top>
							<width>340</width>
							<height>490</height>
							<aspectratio scalediffuse="false">scale</aspectratio>
							<texture background="true" fallback="DefaultVideoCover.png">$INFO[ListItem.Icon]</texture>
							<bordertexture border="20">thumbs/thumb_shadow.png</bordertexture>
							<bordersize>20</bordersize>
						</control>
						<control type="image">
							<left>8</left>
							<top>601</top>
							<width>300</width>
							<height>450</height>
							<aspectratio aligny="top" scalediffuse="false">scale</aspectratio>
							<texture background="true" flipy="true" diffuse="thumbs/thumb_diffuse.png" fallback="DefaultVideoCover.png">$INFO[ListItem.Icon]</texture>
							<animation effect="fade" start="100" end="30" time="400">Focus</animation>
							<animation effect="fade" start="30" end="100" time="400">UnFocus</animation>
						</control>
						<control type="image">
							<left>200</left>
							<top>149</top>
							<width>100</width>
							<height>100</height>
							<texture>overlays/addons/enabled.png</texture>
							<aspectratio align="center" aligny="top">keep</aspectratio>
							<bordersize>1</bordersize>
							<visible>!IsEmpty(ListItem.Property(DBID))</visible>
						</control>
					</control>
				</focusedlayout>
			</control>
			<control type="scrollbar" id="61">
				<left>0</left>
				<top>970</top>
				<width>FullScreenWidth</width>
				<height>12</height>
				<onup>500</onup>
				<ondown>noop</ondown>
				<onleft>700</onleft>
				<onright>600</onright>
				<texturesliderbackground border="1">-</texturesliderbackground>
				<texturesliderbar border="6,0,6,0">scrollbar/texturesliderbar_hor.png</texturesliderbar>
				<texturesliderbarfocus border="6,0,6,0">scrollbar/texturesliderbarfocus_hor.png</texturesliderbarfocus>
				<textureslidernib>-</textureslidernib>
				<textureslidernibfocus>-</textureslidernibfocus>
				<showonepage>false</showonepage>
				<orientation>horizontal</orientation>
				<animation effect="fade" start="100" end="0" time="500" delay="500" condition="!Control.HasFocus(61) + !Container.Scrolling">Conditional</animation>
			</control>
			<control type="image">
				<left>10</left>
				<top>560</top>
				<width>105</width>
				<height>140</height>
				<texture>views/list/DefaultFolderBack.png</texture>
				<visible>Container(500).Position(0) + !IsEmpty(Window.Property(ArrowUp))</visible>
				<animation effect="fade" start="60" end="100" time="1600" pulse="true" condition="true">Conditional</animation>
			</control>
			<control type="image">
				<left>1805</left>
				<top>560</top>
				<width>105</width>
				<height>140</height>
				<texture flipx="true">views/list/DefaultFolderBack.png</texture>
				<visible>Container(500).Position(5) + !IsEmpty(Window.Property(ArrowDown))</visible>
				<animation effect="fade" start="60" end="100" time="1600" pulse="true" condition="true">Conditional</animation>
			</control>
			<control type="button" id="600">
				<include>HiddenObject</include>
				<onfocus>SetFocus(500)</onfocus>
			</control>
			<control type="button" id="700">
				<include>HiddenObject</include>
				<onfocus>SetFocus(500)</onfocus>
			</control>
			<control type="group">
				<top>-30</top>
				<control type="group">
					<left>90</left>
					<top>1010</top>
					<include>VisibleFadeEffect</include>
					<control type="label">
						<left>35</left>
						<top>0</top>
						<width>1150</width>
						<height>42</height>
						<aligny>top</aligny>
						<align>left</align>
						<font>font16_title_bold</font>
						<scroll>true</scroll>
						<label>$INFO[Container(500).ListItem.Label]$INFO[Container(500).ListItem.Property(User_Rating),[COLOR grey3]  |  ,[/COLOR]]</label>
						<textoffsety>-2</textoffsety>
						<textoffsetx>30</textoffsetx>
					</control>
					<control type="grouplist">
						<left>65</left>
						<top>45</top>
						<width>1100</width>
						<height>30</height>
						<align>left</align>
						<itemgap>10</itemgap>
						<orientation>horizontal</orientation>
						<control type="label">
							<width>auto</width>
							<height>30</height>
							<align>left</align>
							<font>font13_title</font>
							<label>$ADDON[script.extendedinfo 32023]:</label>
						</control>
						<control type="label">
							<width>auto</width>
							<height>30</height>
							<font>font13_title</font>
							<label fallback="16018">$INFO[Window.Property(Filter_Label)]</label>
						</control>
					</control>
				</control>
				<control type="image">
					<left>1674</left>
					<top>1020</top>
					<width>135</width>
					<height>75</height>
					<aspectratio>keep</aspectratio>
					<texture>special://home/addons/script.extendedinfo/resources/skins/Default/media/moviedb.png</texture>
				</control>
				<control type="image">
					<left>0</left>
					<top>970</top>
					<width>FullScreenWidth</width>
					<height>140</height>
					<texture border="1">gradient_floor.png</texture>
				</control>
			</control>
		</control>
		<control type="group">
			<animation effect="slide" start="0,-90" end="0,0" time="480" condition="true">WindowOpen</animation>
			<animation effect="slide" end="0,-90" start="0,0" time="480" condition="true">WindowClose</animation>
			<control type="image">
				<left>0</left>
				<top>0</top>
				<width>FullScreenWidth</width>
				<height>66</height>
				<texture border="1">topbar.png</texture>
			</control>
			<control type="label">
				<width>900</width>
				<height>90</height>
				<font>font13_title</font>
				<textoffsetx>15</textoffsetx>
				<textcolor>grey2</textcolor>
				<align>left</align>
				<aligny>top</aligny>
				<textoffsety>-2</textoffsety>
				<label>$INFO[Control.GetLabel(5001)]</label>
			</control>
			<control type="label">
				<left>0</left>
				<width>FullScreenWidth</width>
				<height>90</height>
				<font>font13_title</font>
				<textoffsetx>15</textoffsetx>
				<textcolor>grey2</textcolor>
				<align>center</align>
				<aligny>top</aligny>
				<textoffsety>-2</textoffsety>
				<label>$INFO[System.Time]</label>
			</control>
			<control type="button">
				<label>-</label>
				<left>-30</left>
				<texturenofocus>mediamenu_indicator.png</texturenofocus>
				<texturefocus>mediamenu_indicator.png</texturefocus>
				<height>32</height>
				<include>ButtonTopbarCommonvalues</include>
			</control>
			<control type="label">
				<left>1020</left>
				<width>900</width>
				<height>90</height>
				<font>font13_title</font>
				<textoffsetx>15</textoffsetx>
				<textcolor>grey2</textcolor>
				<align>right</align>
				<aligny>top</aligny>
				<textoffsety>-2</textoffsety>
				<label>$INFO[Window.Property(TotalItems),, $LOCALIZE[31025]]$INFO[Window.Property(CurrentPage),[COLOR grey3] | ,]$INFO[Window.Property(TotalPages),/,[/COLOR]]</label>
			</control>
		</control>
		<control type="group">
			<animation type="Conditional" condition="!ControlGroup(9000).HasFocus">
				<effect type="slide" end="-440" time="400" tween="quadratic" easing="out" />
			</animation>
			<control type="image">
				<left>0</left>
				<top>0</top>
				<width>432</width>
				<height>1080</height>
				<texture border="40">mediamenu_back.png</texture>
			</control>
			<control type="image">
				<description>LOGO</description>
				<left>0</left>
				<top>0</top>
				<width>400</width>
				<height>120</height>
				<aspectratio>keep</aspectratio>
				<texture>aeon-nox-logo1.png</texture>
			</control>
			<control type="grouplist" id="9000">
				<left>0</left>
				<top>100</top>
				<width>400</width>
				<height>1080</height>
				<orientation>vertical</orientation>
				<scroll>true</scroll>
				<onup>9000</onup>
				<ondown>9000</ondown>
				<onright>500</onright>
				<onleft>noop</onleft>
				<control type="label" id="200">
					<description>View Options Heading</description>
					<width>400</width>
					<height>52</height>
					<textoffsetx>15</textoffsetx>
					<font>font13_title</font>
					<label>31006</label>
					<textcolor>themecolor</textcolor>
					<aligny>center</aligny>
				</control>
				<control type="button" id="5001">
					<description>Sort by:</description>
					<label>$INFO[Window.Property(Sort_Label),$LOCALIZE[581]: ,]</label>
					<textwidth>352</textwidth>
					<include>ButtonCommonValues</include>
				</control>
				<control type="button" id="5004">
					<description>Order by:</description>
					<label>$INFO[Window.Property(Order_Label),$LOCALIZE[21429]: ,]</label>
					<textwidth>352</textwidth>
					<include>ButtonCommonValues</include>
				</control>
				<control type="button" id="201">
					<description>Filter Heading</description>
					<textwidth>352</textwidth>
					<font>font13_title</font>
					<include>ButtonCommonValues</include>
					<label>587</label>
					<enable>false</enable>
					<disabledcolor>themecolor</disabledcolor>
				</control>
				<control type="button" id="5007">
					<description>Type</description>
					<label>$INFO[Window.Property(Type),$LOCALIZE[146] ,]</label>
					<textwidth>352</textwidth>
					<include>ButtonCommonValues</include>
				</control>
				<control type="button" id="5002">
					<description>Genre</description>
					<label>515</label>
					<textwidth>352</textwidth>
					<include>ButtonCommonValues</include>
				</control>
				<control type="button" id="5003">
					<description>Release Date</description>
					<label>172</label>
					<textwidth>352</textwidth>
					<include>ButtonCommonValues</include>
				</control>
				<control type="button" id="5006">
					<description>Certification</description>
					<label>$ADDON[script.extendedinfo 32127]</label>
					<textwidth>352</textwidth>
					<include>ButtonCommonValues</include>
				</control>
				<control type="button" id="5008">
					<description>Actor/Crew</description>
					<label>$LOCALIZE[20337] / $ADDON[script.extendedinfo 32115]</label>
					<textwidth>352</textwidth>
					<include>ButtonCommonValues</include>
				</control>
				<control type="button" id="5009">
					<description>Keywords</description>
					<label>21861</label>
					<textwidth>352</textwidth>
					<include>ButtonCommonValues</include>
				</control>
				<control type="button" id="5010">
					<description>Studio</description>
					<label>572</label>
					<textwidth>352</textwidth>
					<include>ButtonCommonValues</include>
				</control>
				<control type="button" id="202">
					<description>Misc Options Heading</description>
					<textwidth>352</textwidth>
					<font>font13_title</font>
					<include>ButtonCommonValues</include>
					<label>31026</label>
					<enable>false</enable>
					<disabledcolor>themecolor</disabledcolor>
				</control>
				<control type="button" id="6000">
					<description>Search</description>
					<label>137</label>
					<textwidth>352</textwidth>
					<include>ButtonCommonValues</include>
				</control>
				<control type="button" id="5005">
					<description>Clear Filter</description>
					<label>$ADDON[script.extendedinfo 32022]</label>
					<textwidth>352</textwidth>
					<include>ButtonCommonValues</include>
				</control>
				<control type="button" id="7000">
					<description>My Account</description>
					<label>$ADDON[script.extendedinfo 32024]</label>
					<textwidth>352</textwidth>
					<include>ButtonCommonValues</include>
				</control>
			</control>
		</control>
	</controls>
</window>
