<?xml version="1.0" encoding="UTF-8"?>
<window id="1128" type="dialog">
	<defaultcontrol always="true">90100</defaultcontrol>
	<coordinates>
		<system>1</system>
		<left>457</left>
		<top>240</top>
	</coordinates>
	<include>dialogeffect</include>
	<controls>
		<control type="image">
			<left>157</left>
			<top>0</top>
			<width>692</width>
			<height>600</height>
			<texture border="40">dialogs/default/bg.png</texture>
		</control>
		<control type="image">
			<left>187</left>
			<top>86</top>
			<width>632</width>
			<height>482</height>
			<texture border="5">dialogs/default/inner.png</texture>
		</control>
		<control type="label" id="1">
			<left>30</left>
			<top>32</top>
			<width>940</width>
			<height>40</height>
			<font>font15_title</font>
			<label>$LOCALIZE[31412]</label>
			<align>center</align>
			<textcolor>dialogheader</textcolor>
		</control>
		<control type="list" id="90100">
			<left>189</left>
			<top>88</top>
			<width>630</width>
			<height>480</height>
			<onup>90100</onup>
			<ondown>90100</ondown>
			<onleft>90100</onleft>
			<onright>60</onright>
			<pagecontrol>60</pagecontrol>
			<scrolltime tween="quadratic" easing="out">200</scrolltime>
			<itemlayout height="60" width="630">
				<control type="image">
					<width>630</width>
					<height>60</height>
					<texture border="1">separator2.png</texture>
				</control>
				<control type="label">
					<width>630</width>
					<height>60</height>
					<textoffsetx>15</textoffsetx>
					<font>font14</font>
					<textcolor>grey2</textcolor>
					<selectedcolor>selected</selectedcolor>
					<align>left</align>
					<aligny>center</aligny>
					<label>$INFO[ListItem.Label]</label>
				</control>
			</itemlayout>
			<focusedlayout height="60" width="630">
				<control type="image">
					<width>630</width>
					<height>60</height>
					<texture border="1">separator2.png</texture>
					<include>VisibleFadeEffect</include>
				</control>
				<control type="image">
					<width>629</width>
					<height>60</height>
					<texture border="5">listselect_fo.png</texture>
					<visible>Control.HasFocus(90100)</visible>
					<include>VisibleFadeEffect</include>
				</control>
				<control type="label">
					<width>630</width>
					<height>60</height>
					<textoffsetx>15</textoffsetx>
					<font>font14</font>
					<textcolor>white</textcolor>
					<selectedcolor>selected</selectedcolor>
					<scroll>true</scroll>
					<align>left</align>
					<aligny>center</aligny>
					<label>$INFO[ListItem.Label]</label>
					<animation effect="fade" start="100" end="70" time="300" tween="sine" easing="inout" condition="!Control.HasFocus(90100)">Conditional</animation>
				</control>
			</focusedlayout>
			<content>
				<item>
					<label>$VAR[GlobalFanartSetting]</label>
					<onclick>Skin.ToggleSetting(Disable.Fanart)</onclick>
				</item>
				<item>
					<label>$LOCALIZE[20342]</label>
					<onclick>Skin.Reset(ItemToEdit.MultiFanart)</onclick>
					<onclick>SetProperty(No.Cases,True,home)</onclick>
					<onclick>SetProperty(Nox.Temp,Movies.Fallback,home)</onclick>
					<onclick>ActivateWindow(1122)</onclick>
				</item>
				<item>
					<label>$LOCALIZE[20343]</label>
					<onclick>Skin.Reset(ItemToEdit.MultiFanart)</onclick>
					<onclick>SetProperty(No.Cases,True,home)</onclick>
					<onclick>SetProperty(Nox.Temp,TVShows.Fallback,home)</onclick>
					<onclick>ActivateWindow(1122)</onclick>
				</item>
				<item>
					<label>$LOCALIZE[10006]</label>
					<onclick>Skin.Reset(ItemToEdit.MultiFanart)</onclick>
					<onclick>SetProperty(No.Cases,True,home)</onclick>
					<onclick>SetProperty(Nox.Temp,Videos.Fallback,home)</onclick>
					<onclick>ActivateWindow(1122)</onclick>
				</item>
				<item>
					<label>$LOCALIZE[2]</label>
					<onclick>Skin.Reset(ItemToEdit.MultiFanart)</onclick>
					<onclick>SetProperty(No.Cases,True,home)</onclick>
					<onclick>SetProperty(Nox.Temp,Music.Fallback,home)</onclick>
					<onclick>ActivateWindow(1122)</onclick>
				</item>
				<item>
					<label>$LOCALIZE[31502]</label>
					<onclick>Skin.Reset(ItemToEdit.MultiFanart)</onclick>
					<onclick>SetProperty(No.Cases,True,home)</onclick>
					<onclick>SetProperty(Nox.Temp,LiveTV.Fallback,home)</onclick>
					<onclick>ActivateWindow(1122)</onclick>
				</item>
				<item>
					<label>$LOCALIZE[13000]</label>
					<onclick>Skin.Reset(ItemToEdit.MultiFanart)</onclick>
					<onclick>SetProperty(No.Cases,True,home)</onclick>
					<onclick>SetProperty(Nox.Temp,System.Fallback,home)</onclick>
					<onclick>ActivateWindow(1122)</onclick>
				</item>
				<item>
					<label>$LOCALIZE[10001]</label>
					<onclick>Skin.Reset(ItemToEdit.MultiFanart)</onclick>
					<onclick>SetProperty(No.Cases,True,home)</onclick>
					<onclick>SetProperty(Nox.Temp,Apps.Fallback,home)</onclick>
					<onclick>ActivateWindow(1122)</onclick>
				</item>
				<item>
					<label>$LOCALIZE[10002]</label>
					<onclick>Skin.Reset(ItemToEdit.MultiFanart)</onclick>
					<onclick>SetProperty(No.Cases,True,home)</onclick>
					<onclick>SetProperty(Nox.Temp,Pictures.Fallback,home)</onclick>
					<onclick>ActivateWindow(1122)</onclick>
				</item>
				<item>
					<label>$LOCALIZE[24027]</label>
					<onclick>Skin.Reset(ItemToEdit.MultiFanart)</onclick>
					<onclick>SetProperty(No.Cases,True,home)</onclick>
					<onclick>SetProperty(Nox.Temp,Weather.Fallback,home)</onclick>
					<onclick>ActivateWindow(1122)</onclick>
				</item>
			</content>
		</control>
		<control type="scrollbar" id="60">
			<left>821</left>
			<top>88</top>
			<height>480</height>
			<width>8</width>
			<onleft>90100</onleft>
			<onright>90100</onright>
			<ondown>60</ondown>
			<onup>60</onup>
			<showonepage>false</showonepage>
			<texturesliderbackground>-</texturesliderbackground>
			<texturesliderbar colordiffuse="55ffffff" border="4">scrollbar/texturesliderbar3.png</texturesliderbar>
			<texturesliderbarfocus border="4">scrollbar/texturesliderbar3.png</texturesliderbarfocus>
		</control>
	</controls>
</window>