<?xml version="1.0" encoding="UTF-8"?>
<window>
	<defaultcontrol>1</defaultcontrol>
	<include>View_55_TriPanel</include>
	<visible>[Window.IsActive(videoosd) | Window.IsActive(fullscreeninfo) | Player.Seeking | Player.DisplayAfterSeek | Player.Paused | Player.Forwarding | Player.Rewinding] + !Window.IsVisible(MusicOSD) + VideoPlayer.IsFullscreen</visible>
	<!-- Movie Info Flags Top Bar -->
	<controls>
		<control type="group">
		<animation effect="fade" time="900" delay="200">WindowOpen</animation>
		<animation effect="fade" time="900">WindowClose</animation>
			<top>28</top>
			<left>-5</left>
			<control type="image">
			    <description>Normal Default Background Image</description>
				<left>-30</left>
				<top>-45</top>
				<width>2000</width>
				<height>170</height>
                <texture  border="40">listpanel_back.png</texture>
				<visible>!VideoPlayer.Content(LiveTV)+ !Player.Paused</visible>
		    </control>
			<control type="grouplist">
				<left>32</left>
				<top>-4</top>
				<width>FullScreenWidth</width>
				<height>90</height>
				<align>center</align>
				<aligny>center</aligny>
				<itemgap>0</itemgap>
				<orientation>horizontal</orientation>
				<control type="image">
					<width>100</width>
					<left>-30</left>
					<height>80</height>
					<texture>mytv.png</texture>
					<colordiffuse>themecolor</colordiffuse>
					<visible>VideoPlayer.Content(livetv)</visible>
				</control>
				<!-- IMDB Rating Logo -->
				<control type="image">
					<width>300</width>
					<height>80</height>
					<include>MediaFlagVars</include>
					<texture  fallback="reel.png">$INFO[VideoPlayer.Rating,stars/,.png]</texture>
					<colordiffuse>themecolor</colordiffuse>
					<visible>!VideoPlayer.Content(livetv) + !Player.Paused</visible>
				</control>
				<!--- Video Rating Logo --->
				<control type="image">
					<width>320</width>
					<colordiffuse>themecolor</colordiffuse>
					<include>MediaFlagVars</include>
				    <texture fallback="flags/mpaa/NR.png">$VAR[VideoRatingFlagVar]</texture>
					<visible>!VideoPlayer.Content(livetv) + !Player.Paused</visible>
				</control>
				<!--- Video Resoluton Logo --->
				<control type="image">
					<width>320</width>
					<colordiffuse>themecolor</colordiffuse>
					<include>MediaFlagVars</include>
					<texture>$INFO[VideoPlayer.VideoResolution,flags/resolution/,.png]</texture>
					<visible>!Player.Paused</visible>
				</control>
				<!--- Video Audio Logo --->
				<control type="image">
					<width>320</width>
					<colordiffuse>themecolor</colordiffuse>
					<include>MediaFlagVars</include>
					<texture>$INFO[VideoPlayer.AudioCodec,flags/audio/,.png]</texture>
					<visible>!Player.Paused</visible>
				</control>
				<!--- Live Tv Logo --->
				<control type="image">
					<width>320</width>
					<colordiffuse>themecolor</colordiffuse>
					<include>MediaFlagVars</include>
					<texture>$INFO[VideoPlayer.AudioChannels,flags/channels/,.png]</texture>
					<visible>VideoPlayer.Content(livetv)+ !Player.Paused</visible>
				</control>
				<!---  Video Source Logo --->
				<control type="image">
					<width>320</width>
					<colordiffuse>themecolor</colordiffuse>
					<include>MediaFlagVars</include>
					<texture>$VAR[VideoSourceFlagVar,flags/video/,.png]</texture>
					<visible>!Player.Paused</visible>
				</control>
				<!--- Video Aspect Ration Logo --->
				<control type="image">
					<width>320</width>
					<colordiffuse>themecolor</colordiffuse>
					<include>MediaFlagVars</include>
					<texture>$INFO[VideoPlayer.VideoAspect,flags/aspectratio/,.png]</texture>
					<visible>!Player.Paused</visible>
				</control>
			</control>
		</control>
		<control type="group">
		<animation effect="fade" time="900" delay="200">WindowOpen</animation>
		<animation effect="fade" time="900">WindowClose</animation>
		<top>1014</top>
			<control type="image">
				<left>-10</left>
				<top>-1110</top>
				<width>2000</width>
				<height>310</height>
				<texture>homemenu_back.pn</texture>
			</control>
		</control>
		<!-- Movie Plot and Info Boxes -->
		<control type="group">
		<animation effect="fade" time="900" delay="200">WindowOpen</animation>
		<animation effect="fade" time="900">WindowClose</animation>
		<left>20</left>
		<top>-345</top>
			<!--- Now Playing And Info Borders -->
			<!--- Live TV Thumb Border --->
			<control type="image">
				<top>925</top>
				<left>5</left>
				<width>350</width>
				<height>230</height>
				<texture  border="40">listpanel_back.png</texture>
				<visible>VideoPlayer.Content(livetv) + !Player.Paused </visible>
			</control>
			<!-- Poster Border -->
			<control type="image">
			    <description>Normal Default Background Image</description>
				<left>1397</left>
				<top>970</top>
				<width>494</width>
				<height>270</height>
                <texture  border="40">listpanel_back.png</texture>
				<visible>!VideoPlayer.Content(livetv) + !Player.Paused</visible>
		    </control>
			<!-- Info Border -->
			<!-- Player Thumb Border -->
			<control type="image">
				<top>725</top>
				<left>-15</left>
				<width>340</width>
				<height>514</height>
				<texture  border="40">listpanel_back.png</texture>
				<visible>!VideoPlayer.Content(livetv) + !Player.Paused</visible>
			</control>
			<!-- Movies Fanart -->
			<control type="image">
				<top>1002</top>
				<left>1428</left>
				<width>430</width>
				<height>205</height>
				<texture fallback="aeon-nox-logo1.png">$INFO[Player.Art(fanart)]</texture>
				<visible>!VideoPlayer.Content(livetv) + !Player.Paused </visible>
			</control>
			<!-- Movies Thumb -->
			<control type="image">
				<top>757</top>
				<left>15</left>
				<width>280</width>
				<height>450</height>
				<texture fallback="kobra1.png">$INFO[Player.Art(thumb)]</texture>
				<bordertexture border="40">listpanel_back.png</bordertexture>
				<visible>!VideoPlayer.Content(livetv) + !Player.Paused</visible>
			</control>
			<!--- Live TV Thumb --->
			<control type="image">
				<top>956</top>
				<left>35</left>
				<width>290</width>
				<height>166</height>
				<texture>livetv.jpg</texture>
				<colordiffuse>themecolor</colordiffuse>
				<visible>VideoPlayer.Content(livetv)</visible>
			</control>
		</control>
		<!-- Seek Bar -->
		<control type="group">
			<animation effect="slide" start="0,290" end="0,0" time="200">VisibleChange</animation>
			<animation effect="slide" end="0,238" start="0,0" time="940">WindowClose</animation>
			<top>1014</top>
			<visible>!VideoPlayer.Content(LiveTV)</visible>
			<control type="image">
				<left>0</left>
				<top>4</top>
				<width>FullScreenWidth</width>
				<height>70</height>
				<texture border="1,32,1,1">bottombar.png</texture>
			</control>
			<control type="progress">
				<left>0</left>
				<top>27</top>
				<width>FullScreenWidth</width>
				<height>38</height>
				<texturebg border="2">osd/texturebg.png</texturebg>
				<lefttexture>-</lefttexture>
				<midtexture border="2">osd/midtexture_cache.png</midtexture>
				<righttexture>-</righttexture>
				<overlaytexture>-</overlaytexture>
				<info>Player.ProgressCache</info>
			</control>
			<control type="progress">
				<left>0</left>
				<top>28</top>
				<width>FullScreenWidth</width>
				<height>35</height>
				<texturebg border="1">osd/texturebg_cache.png</texturebg>
				<lefttexture>-</lefttexture>
				<midtexture border="2">osd/midtexture.png</midtexture>
				<righttexture>-</righttexture>
				<overlaytexture>-</overlaytexture>
				<info>Player.Progress</info>
				<colordiffuse>themecolor</colordiffuse>
			</control>
			<control type="label">
				<top>24</top>
				<width>820</width>
				<height>90</height>
				<font>font14_title</font>
				<textoffsetx>15</textoffsetx>
				<textcolor>themecolor</textcolor>
				<shadowcolor>shadow</shadowcolor>
				<align>left</align>
				<aligny>top</aligny>
				<textoffsety>-2</textoffsety>
				<label>$VAR[PlayerTitleLabelVar]</label>
			</control>
			<control type="label">
				<top>24</top>
				<left>0</left>
				<width>FullScreenWidth</width>
				<height>90</height>
				<font>font14_title</font>
				<textoffsetx>15</textoffsetx>
				<textcolor>red</textcolor>
				<shadowcolor>shadow</shadowcolor>
				<align>center</align>
				<aligny>top</aligny>
				<textoffsety>-2</textoffsety>
				<label>$VAR[SeekLabelVar]</label>
				<visible>!VideoPlayer.Content(LiveTV)</visible>
			</control>
			<control type="label">
				<top>24</top>
				<left>0</left>
				<width>FullScreenWidth</width>
				<height>90</height>
				<font>font14_title</font>
				<textoffsetx>15</textoffsetx>
				<textcolor>themecolor</textcolor>
				<shadowcolor>shadow</shadowcolor>
				<align>center</align>
				<aligny>top</aligny>
				<textoffsety>-2</textoffsety>
				<label>$INFO[System.Time]$INFO[VideoPlayer.EndTime, / ]</label>
				<visible>VideoPlayer.Content(LiveTV)</visible>
			</control>
			<control type="label">
				<top>24</top>
				<left>1020</left>
				<width>900</width>
				<height>90</height>
				<font>font14_title</font>
				<textoffsetx>15</textoffsetx>
				<textcolor>themecolor</textcolor>
				<shadowcolor>shadow</shadowcolor>
				<align>right</align>
				<aligny>top</aligny>
				<textoffsety>-2</textoffsety>
				<label>$VAR[OSDRightLabelVar]</label>
			</control>
			<control type="slider" id="401">
				<description>Seek Slider</description>
				<left>0</left>
				<top>0</top>
				<width>FullScreenWidth</width>
				<height>112</height>
				<texturesliderbar>seekslider2.png</texturesliderbar>
				<textureslidernib>osd_slider_nib.png</textureslidernib>
				<textureslidernibfocus>osd_slider_nib.png</textureslidernibfocus>
				<visible>Player.Seeking</visible>
			</control>
		</control>
	    <!--- Live TV Channel Label--->
		<control type="group">
			<animation effect="slide" start="0,290" end="0,0" time="200">WindowOpen</animation>
			<animation effect="slide" start="0,290" end="0,0" time="200">VisibleChange</animation>
			<top>814</top>
			<visible>VideoPlayer.Content(LiveTV)</visible>
			<control type="image">
				<left>0</left>
				<top>4</top>
				<width>FullScreenWidth</width>
				<height>270</height>
				<texture border="1,32,1,1">bottombar.pn</texture>
			</control>
			<control type="image">
				<top>28</top>
				<width>238</width>
				<height>238</height>
				<include>MediaFlagVars</include>
				<texture background="true">$INFO[Player.Art(thumb)]</texture>
			</control>
			<!--- Live TV Channel Label--->
			<control type="label">
				<left>238</left>
				<top>28</top>
				<width>1682</width>
				<height>40</height>
				<font>font15_title</font>
				<textoffsetx>15</textoffsetx>
				<textcolor>themecolor</textcolor>
				<shadowcolor>shadow</shadowcolor>
				<label>[B]$INFO[VideoPlayer.ChannelNumber,,: ]$INFO[VideoPlayer.ChannelName][/B]</label>
			</control>
			<control type="progress">
				<left>1520</left>
				<top>28</top>
				<width>400</width>
				<height>38</height>
				<texturebg border="2">osd/texturebg.png</texturebg>
				<lefttexture>-</lefttexture>
				<midtexture border="2">osd/midtexture_cache.png</midtexture>
				<righttexture>-</righttexture>
				<overlaytexture>-</overlaytexture>
				<info>Player.ProgressCache</info>
			</control>
			<control type="progress">
				<left>1520</left>
				<top>29</top>
				<width>400</width>
				<height>35</height>
				<texturebg border="1">osd/texturebg_cache.png</texturebg>
				<lefttexture>-</lefttexture>
				<midtexture border="2">osd/midtexture.png</midtexture>
				<righttexture>-</righttexture>
				<overlaytexture>-</overlaytexture>
				<info>Player.Progress</info>
				<colordiffuse>AAffffff</colordiffuse>
			</control>
			<control type="label">
				<left>238</left>
				<top>372</top>
				<width>1682</width>
				<height>40</height>
				<font>font14_title</font>
				<textoffsetx>15</textoffsetx>
				<textcolor>themecolor</textcolor>
				<shadowcolor>shadow</shadowcolor>
				<label>$INFO[VideoPlayer.Title]</label>
			</control>
			<control type="label">
				<left>1920</left>
				<top>72</top>
				<width>1682</width>
				<height>40</height>
				<align>right</align>
				<font>font14_title</font>
				<textoffsetx>15</textoffsetx>
				<textcolor>themecolor</textcolor>
				<shadowcolor>shadow</shadowcolor>
				<label>$INFO[VideoPlayer.NextTitle,[COLOR labelheader]$LOCALIZE[19031]: [/COLOR]]$INFO[VideoPlayer.NextStartTime, (, - ]$INFO[VideoPlayer.NextEndTime,,)]</label>
			</control>
			<control type="label">
				<left>1520</left>
				<top>28</top>
				<width>300</width>
				<height>35</height>
				<font>font14_title</font>
				<textoffsetx>10</textoffsetx>
				<textcolor>themecolor</textcolor>
				<shadowcolor>shadow</shadowcolor>
				<label>$INFO[VideoPlayer.StartTime]</label>
			</control>
			<control type="label">
				<left>1920</left>
				<top>28</top>
				<width>300</width>
				<height>35</height>
				<align>right</align>
				<font>font14_title</font>
				<textoffsetx>10</textoffsetx>
				<textcolor>themecolor</textcolor>
				<shadowcolor>shadow</shadowcolor>
				<label>$INFO[VideoPlayer.EndTime]</label>
			</control>
			<control type="label">
				<left>238</left>
				<top>220</top>
				<width>1682</width>
				<height>40</height>
				<font>font12</font>
				<textoffsetx>15</textoffsetx>
				<textcolor>themecolor</textcolor>
				<shadowcolor>shadow</shadowcolor>
				<label>$INFO[System.Time,, | ]$INFO[System.Date]</label>
			</control>
			<control type="label">
				<left>1920</left>
				<top>220</top>
				<width>1682</width>
				<height>40</height>
				<align>right</align>
				<font>font12</font>
				<textoffsetx>15</textoffsetx>
				<textcolor>themecolor</textcolor>
				<shadowcolor>shadow</shadowcolor>
				<label>$INFO[VideoPlayer.VideoResolution,, | ]$INFO[VideoPlayer.VideoCodec,, | ]$INFO[VideoPlayer.AudioCodec,, | ]$VAR[AudioChannelVar,, | ]$INFO[VideoPlayer.VideoAspect]</label>
			</control>
		</control>
		<control type="image">
			<left>1470</left>
			<top>780</top>
			<width>450</width>
			<height>254</height>
			<aspectratio aligny="bottom" align="right">keep</aspectratio>
			<texture background="true">$VAR[PlayerArtworkVar]</texture>
			<visible>Player.Paused | Window.IsActive(fullscreeninfo) | Window.IsActive(videoosd)</visible>
			<animation effect="slide" start="0,300" end="0,0" time="200">WindowOpen</animation>
			<animation effect="slide" start="0,300" end="0,0" time="200">VisibleChange</animation>
		</control>
		<control type="group">
			<left>867</left>
			<top>447</top>
			<animation type="VisibleChange" reversible="false">
				<effect type="fade" start="0" end="100" time="500" />
			</animation>
			<animation type="WindowOpen" reversible="false">
				<effect type="fade" start="0" end="100" time="500" />
			</animation>
			<animation type="WindowClose" reversible="false">
				<effect type="fade" start="100" end="0" time="500" />
			</animation>
			<visible>Player.Paused + !Window.IsActive(subtitlesearch)</visible>
			<control type="image">
				<left>0</left>
				<top>0</top>
				<width>186</width>
				<height>186</height>
				<colordiffuse>themecolor</colordiffuse>
				<texture>osd/bg_play_large.png</texture>
			</control>
			<control type="image">
				<left>0</left>
				<top>0</top>
				<width>186</width>
				<height>186</height>
			    <colordiffuse>themecolor</colordiffuse>
				<texture>osd/btn_pause.png</texture>
				<animation effect="zoom" start="85" end="79" center="auto" time="500" pulse="true" condition="true">conditional</animation>
			</control>
		</control>
		<!--- Fast Forward Rewind Buttons--->
		<control type="grouplist">
			<left>810</left>
			<top>447</top>
			<itemgap>10</itemgap>
			<orientation>horizontal</orientation>
			<include>VisibleFadeEffect</include>
			<visible>Player.Forwarding | Player.Rewinding</visible>
			<usecontrolcoords>true</usecontrolcoords>
			<control type="image">
				<top>0</top>
				<width>150</width>
				<height>150</height>
				<aspectratio>keep</aspectratio>
				<texture flipx="true">osd/ff.png</texture>
				<colordiffuse>themecolor</colordiffuse>
				<animation effect="fade" start="100" end="60" time="800" pulse="true" condition="true">Conditional</animation>
				<visible>Player.Rewinding</visible>
			</control>
			<control type="label">
				<label>$VAR[VideoPlayerForwardRewindVar]</label>
				<width min="10" max="300">auto</width>
				<top>0</top>
				<height>150</height>
				<textoffsetx>0</textoffsetx>
				<aligny>center</aligny>
				<font>font_MainMenu</font>
				<shadowcolor>44000000</shadowcolor>
				<textcolor>themecolor</textcolor>
			</control>
			<control type="image">
				<top>0</top>
				<width>150</width>
				<height>150</height>
				<aspectratio>keep</aspectratio>
				<texture>osd/ff.png</texture>
				<colordiffuse>themecolor</colordiffuse>
				<animation effect="fade" start="100" end="60" time="800" pulse="true" condition="true">Conditional</animation>
				<visible>Player.Forwarding</visible>
			</control>
		</control>
	</controls>
</window>