<?xml version="1.0" encoding="UTF-8"?>
<window>
	<defaultcontrol always="true">10</defaultcontrol>
	<include>dialogeffect</include>
	<controls>
		<control type="group">
			<left>502</left>
			<top>293</top>
			<control type="image">
				<description>background image</description>
				<left>-502</left>
				<top>-293</top>
				<width>1920</width>
				<height>1080</height>
				<texture>default_bg.jpg</texture>
			</control>
			<control type="image">
				<top>-33</top>
				<left>-32</left>
				<width>984</width>
				<height>560</height>
				<texture  border="40">listpanel_back.png</texture>
			</control>
			<control type="image">
				<left>0</left>
				<top>0</top>
				<width>916</width>
				<height>494</height>
				<texture border="40">keyboard_back.jpg</texture>
			</control>
			<control type="image">
				<left>30</left>
				<top>86</top>
				<width>856</width>
				<height>302</height>
				<texture border="5">dialogs/default/inner.png</texture>
			</control>
			<control type="label" id="1">
				<description>header label</description>
				<left>30</left>
				<top>32</top>
				<width>856</width>
				<height>40</height>
				<textoffsetx>15</textoffsetx>
				<font>font15_title</font>
				<label>$LOCALIZE[13406]</label>
				<align>center</align>
				<aligny>center</aligny>
				<textcolor>themecolor</textcolor>
			</control>
			<control type="textbox" id="9">
				<description>dialog line 1/2/3</description>
				<left>45</left>
				<top>98</top>
				<width>825</width>
				<height>282</height>
				<font>font15_textbox</font>
				<align>center</align>
				<label>-</label>
				<textcolor>themecolor</textcolor>
				<autoscroll time="3000" delay="4000" repeat="5000">true</autoscroll>
			</control>
			<control type="button" id="11">
				<description>Yes button</description>
				<left>30</left>
				<top>402</top>
				<width>421</width>
				<height>60</height>
				<label>107</label>
				<font>font15_title</font>
				<textcolor>grey2</textcolor>
				<focusedcolor>white</focusedcolor>
				<align>center</align>
				<onleft>10</onleft>
				<onright>10</onright>
				<onup>11</onup>
				<ondown>11</ondown>
				<texturefocus border="5">button_fo.png</texturefocus>
				<texturenofocus border="5">dialogs/default/inner.png</texturenofocus>
			</control>
			<control type="button" id="10">
				<description>No button</description>
				<left>465</left>
				<top>402</top>
				<width>421</width>
				<height>60</height>
				<label>106</label>
				<font>font15_title</font>
				<textcolor>grey2</textcolor>
				<focusedcolor>white</focusedcolor>
				<align>center</align>
				<onleft>11</onleft>
				<onright>11</onright>
				<onup>10</onup>
				<ondown>10</ondown>
				<texturefocus border="5">button_fo.png</texturefocus>
				<texturenofocus border="5">dialogs/default/inner.png</texturenofocus>
			</control>
		</control>
	</controls>
</window>