<?xml version="1.0" encoding="UTF-8"?>
<!--========================================================================-->
<!--   ###    ########  #######  ##    ##    ##    ##  #######  ##     ##	-->
<!--  ## ##   ##       ##     ## ###   ##    ###   ## ##     ##  ##   ##	-->
<!--##    ##  ##       ##     ## ####  ##    ####  ## ##     ##   ## ##		-->
<!--##     ## ######   ##     ## ## ## ##    ## ## ## ##     ##    ###		-->
<!--######### ##       ##     ## ##  ####    ##  #### ##     ##   ## ##		-->
<!--##     ## ##       ##     ## ##   ###    ##   ### ##     ##  ##   ##	-->
<!--##     ## ########  #######  ##    ##    ##    ##  #######  ##     ##	-->
<!--========================================================================-->
<window>
	<defaultcontrol always="true">21</defaultcontrol>
	<include>dialogeffect</include>
	<coordinates>
		<system>2</system>
		<left>712</left>
		<top>269</top>
	</coordinates>
	<controls>
		<control type="group">
			<animation effect="slide" start="0,0" end="720,0" time="320" tween="cubic" easing="inout" condition="Window.IsActive(virtualkeyboard)">Conditional</animation>
			<control type="image">
				<width>500</width>
				<height>543</height>
				<texture border="40,100,40,100">keyboard_back.jpg</texture>
			</control>
			<control type="image">
			    <description>Normal Default Background Image</description>
				<top>-25</top>
				<left>-20</left>
				<width>540</width>
				<height>592</height>
                <texture  border="40">listpanel_back.png</texture>
		    </control>
			<control type="label" id="1">
				<left>30</left>
				<top>20</top>
				<width>440</width>
				<height>50</height>
				<align>left</align>
				<textoffsetx>15</textoffsetx>
				<font>font15_title</font>
				<textcolor>themecolor</textcolor>
				<scroll>true</scroll>
				<scrollspeed>20</scrollspeed>
			</control>
			<control type="label" id="4">
				<left>130</left>
				<top>482</top>
				<width>240</width>
				<height>50</height>
				<align>center</align>
				<font>font15_title</font>
				<textcolor>themecolor</textcolor>
			</control>
			<control type="group">
				<left>130</left>
				<top>81</top>
				<control type="grouplist">
					<orientation>horizontal</orientation>
					<control type="button" id="11">
						<label>12311</label>
						<onup>23</onup>
						<ondown>14</ondown>
						<include>Objects_SingleKeyOff</include>
					</control>
					<control type="button" id="12">
						<left>63</left>
						<label>12312</label>
						<onup>10</onup>
						<ondown>15</ondown>
						<include>Objects_SingleKeyOff</include>
					</control>
					<control type="button" id="13">
						<left>126</left>
						<label>12313</label>
						<onup>21</onup>
						<ondown>16</ondown>
						<include>Objects_SingleKeyOff</include>
					</control>
				</control>
				<control type="grouplist">
					<orientation>horizontal</orientation>
					<top>80</top>
					<control type="button" id="14">
						<label>12314</label>
						<onup>11</onup>
						<ondown>17</ondown>
						<include>Objects_SingleKeyOff</include>
					</control>
					<control type="button" id="15">
						<left>63</left>
						<label>12315</label>
						<onup>12</onup>
						<ondown>18</ondown>
						<include>Objects_SingleKeyOff</include>
					</control>
					<control type="button" id="16">
						<left>126</left>
						<label>12316</label>
						<onup>13</onup>
						<ondown>19</ondown>
						<include>Objects_SingleKeyOff</include>
					</control>
				</control>
				<control type="grouplist">
					<orientation>horizontal</orientation>
					<top>160</top>
					<control type="button" id="17">
						<label>12317</label>
						<onup>14</onup>
						<ondown>20</ondown>
						<include>Objects_SingleKeyOff</include>
					</control>
					<control type="button" id="18">
						<left>63</left>
						<label>12318</label>
						<onup>15</onup>
						<ondown>10</ondown>
						<include>Objects_SingleKeyOff</include>
					</control>
					<control type="button" id="19">
						<left>126</left>
						<label>12319</label>
						<onup>16</onup>
						<ondown>22</ondown>
						<include>Objects_SingleKeyOff</include>
					</control>
				</control>
				<control type="grouplist">
					<orientation>horizontal</orientation>
					<top>240</top>
					<control type="button" id="20">
						<label>&lt;</label>
						<onup>17</onup>
						<ondown>23</ondown>
						<include>Objects_SingleKeyOff</include>
					</control>
					<control type="button" id="10">
						<left>63</left>
						<label>12310</label>
						<onup>18</onup>
						<ondown>21</ondown>
						<include>Objects_SingleKeyOff</include>
					</control>
					<control type="button" id="22">
						<left>126</left>
						<label>&gt;</label>
						<onup>19</onup>
						<ondown>21</ondown>
						<include>Objects_SingleKeyOff</include>
					</control>
				</control>
				<control type="grouplist">
					<orientation>horizontal</orientation>
					<top>320</top>
					<control type="button" id="23">
						<label></label>
						<onup>20</onup>
						<ondown>11</ondown>
						<width>120</width>
						<textwidth>190</textwidth>
						<font>IconSmall</font>
						<include>Objects_SingleKeyOff</include>
					</control>
					<control type="button" id="21">
						<left>63</left>
						<label>186</label>
						<onup>22</onup>
						<ondown>13</ondown>
						<width>120</width>
						<textwidth>160</textwidth>
						<include>Objects_SingleKeyOff</include>
					</control>
				</control>
			</control>
		</control>
	</controls>
</window>