<?xml version="1.0" encoding="UTF-8"?>
<window>
	<defaultcontrol always="true">2</defaultcontrol>
	<allowoverlay>no</allowoverlay>
	<controls>
		<include>CommonBackground</include>
		<include>Topbar</include>
		<control type="group">
			<left>0</left>
			<top>128</top>
			<include>Window_OpenClose_Animation</include>
			<include>SystemLeftPanel</include>
			<control type="panel" id="2">
				<left>82</left>
				<top>32</top>
				<width>356</width>
				<height>840</height>
				<onleft>61</onleft>
				<onright>9001</onright>
				<onup>2</onup>
				<ondown>2</ondown>
				<pagecontrol>61</pagecontrol>
				<scrolltime tween="quadratic" easing="out">200</scrolltime>
				<itemlayout height="90" width="356">
					<control type="image">
						<top>30</top>
						<width>356</width>
						<height>60</height>
						<texture border="1">separator2.png</texture>
					</control>
					<control type="label">
						<width>356</width>
						<height>90</height>
						<font>font15</font>
						<textoffsetx>20</textoffsetx>
						<textcolor>grey2</textcolor>
						<selectedcolor>selected</selectedcolor>
						<align>center</align>
						<aligny>center</aligny>
						<label>$INFO[ListItem.Label]</label>
					</control>
				</itemlayout>
				<focusedlayout height="90" width="356">
					<control type="image">
						<top>30</top>
						<width>356</width>
						<height>60</height>
						<texture border="1">separator2.png</texture>
					</control>
					<control type="image">
						<width>356</width>
						<height>90</height>
						<texture border="4">listselect_fo.png</texture>
						<visible>Control.HasFocus(2)</visible>
						<include>VisibleFadeEffect</include>
					</control>
					<control type="label">
						<width>356</width>
						<height>90</height>
						<font>font15</font>
						<textoffsetx>20</textoffsetx>
						<textcolor>white</textcolor>
						<selectedcolor>selected</selectedcolor>
						<align>center</align>
						<aligny>center</aligny>
						<label>$INFO[ListItem.Label]</label>
						<animation effect="fade" start="100" end="70" time="300" tween="sine" easing="inout" condition="!Control.HasFocus(2)">Conditional</animation>
					</control>
				</focusedlayout>
			</control>
			<control type="scrollbar" id="61">
				<left>68</left>
				<top>32</top>
				<width>8</width>
				<height>720</height>
				<onleft>9001</onleft>
				<onright>2</onright>
				<ondown>61</ondown>
				<onup>61</onup>
				<showonepage>false</showonepage>
				<texturesliderbackground>-</texturesliderbackground>
				<texturesliderbar colordiffuse="55ffffff" border="1">scrollbar/texturesliderbar2.png</texturesliderbar>
				<texturesliderbarfocus border="1">scrollbar/texturesliderbar2.png</texturesliderbarfocus>
			</control>
			<control type="image">
				<description>separator image</description>
				<left>82</left>
				<top>692</top>
				<width>356</width>
				<height>60</height>
				<texture border="1">separator2.png</texture>
				<visible>!Container(2).HasNext</visible>
			</control>
			<control type="image">
				<description>LOGO</description>
				<left>82</left>
				<top>752</top>
				<width>356</width>
				<height>120</height>
				<aspectratio>keep</aspectratio>
				<texture>aeon-nox-logo1.png</texture>
			</control>
			<include>SystemRightPanel</include>
			<control type="grouplist" id="9001">
				<description>control area</description>
				<left>522</left>
				<top>32</top>
				<width>1316</width>
				<height>720</height>
				<itemgap>0</itemgap>
				<pagecontrol>-</pagecontrol>
				<onleft>2</onleft>
				<onright>2</onright>
				<onup>9001</onup>
				<ondown>9001</ondown>
				<control type="radiobutton" id="4">
					<description>Enable Login screen</description>
					<label>20096</label>
					<width>1316</width>
					<height>90</height>
					<font>font15</font>
					<textoffsetx>30</textoffsetx>
					<texturenofocus border="1">separator5.png</texturenofocus>
				</control>
				<control type="button" id="5">
					<description>Auto Login</description>
					<label>$LOCALIZE[33084]</label>
					<label2>$INFO[System.ProfileAutoLogin, [COLOR labelheader],[/COLOR]]</label2>
					<width>1316</width>
					<height>90</height>
					<font>font15</font>
					<textoffsetx>30</textoffsetx>
					<texturenofocus border="1">separator5.png</texturenofocus>
					<enable>!System.HasLoginScreen</enable>
				</control>
			</control>
			<control type="image">
				<description>separator image</description>
				<left>522</left>
				<top>692</top>
				<width>1316</width>
				<height>60</height>
				<texture border="1">separator2.png</texture>
			</control>
			<control type="group">
				<left>522</left>
				<top>751</top>
				<control type="image">
					<width>120</width>
					<height>120</height>
					<aspectratio align="left">keep</aspectratio>
					<bordertexture border="1,1,2,1">thumbs/panel_border3.png</bordertexture>
					<bordersize>1,1,2,1</bordersize>
					<texture fallback="unknown-user.png">$INFO[Container(2).Listitem.Icon]</texture>
				</control>
				<control type="label">
					<left>120</left>
					<top>10</top>
					<width>1181</width>
					<height>115</height>
					<aligny>top</aligny>
					<textcolor>labelheader</textcolor>
					<wrapmultiline>true</wrapmultiline>
					<textoffsetx>15</textoffsetx>
					<font>font15_title</font>
					<label>$INFO[Container(2).ListItem.Label]</label>
				</control>
				<control type="label">
					<left>120</left>
					<top>60</top>
					<width>1181</width>
					<height>60</height>
					<textcolor>grey2</textcolor>
					<wrapmultiline>true</wrapmultiline>
					<textoffsetx>15</textoffsetx>
					<font>font15_title</font>
					<label>$INFO[Container(2).ListItem.Label2,$LOCALIZE[31320]: ]</label>
				</control>
			</control>
		</control>
	</controls>
</window>